,Total,Gender,,Age,,,,Social Grade,,Region (1),,,,
,,Male,Female,18-24,25-49,50-64,65+,ABC1,C2DE,Central,North,South,East,West
"Which of the following policy areas, if any, do you think should be the main priorities for London? Please rank your top three",,,,,,,,,,,,,,
Making public transport more affordable,,,,,,,,,,,,,,
Unweighted base,1546,734,812,187,869,328,161,1066,480,364,195,276,466,245
Base,1546,756,790,176,802,334,233,912,634,351,210,294,470,222
Ranked first,5%,4%,6%,5%,5%,6%,3%,6%,4%,5%,4%,4%,5%,7%
Ranked second,9%,10%,9%,10%,9%,9%,8%,10%,7%,9%,12%,7%,9%,10%
Ranked third,13%,12%,14%,8%,13%,13%,13%,12%,13%,10%,12%,17%,11%,14%
Don't know,4%,5%,2%,8%,4%,2%,0%,3%,4%,5%,5%,0%,4%,4%
Not ranked,70%,69%,70%,69%,68%,70%,75%,69%,72%,71%,67%,70%,72%,66%
Making walking and cycling safer and easier,,,,,,,,,,,,,,
Unweighted base,1546,734,812,187,869,328,161,1066,480,364,195,276,466,245
Base,1546,756,790,176,802,334,233,912,634,351,210,294,470,222
Ranked first,2%,2%,1%,4%,1%,1%,1%,1%,2%,1%,2%,1%,2%,2%
Ranked second,3%,3%,3%,1%,4%,1%,1%,3%,3%,5%,1%,3%,3%,1%
Ranked third,2%,3%,2%,2%,3%,1%,1%,2%,2%,4%,2%,2%,1%,2%
Don't know,4%,5%,2%,8%,4%,2%,0%,3%,4%,5%,5%,0%,4%,4%
Not ranked,90%,87%,93%,85%,88%,94%,96%,91%,89%,85%,90%,93%,91%,91%
Building more genuinely affordable homes,,,,,,,,,,,,,,
Unweighted base,1546,734,812,187,869,328,161,1066,480,364,195,276,466,245
Base,1546,756,790,176,802,334,233,912,634,351,210,294,470,222
Ranked first,16%,15%,16%,19%,18%,13%,10%,17%,14%,17%,10%,19%,15%,15%
Ranked second,12%,14%,11%,8%,11%,15%,14%,12%,12%,13%,17%,12%,10%,12%
Ranked third,13%,13%,12%,15%,11%,13%,15%,14%,11%,16%,13%,14%,10%,11%
Don't know,4%,5%,2%,8%,4%,2%,0%,3%,4%,5%,5%,0%,4%,4%
Not ranked,56%,53%,59%,51%,56%,56%,61%,55%,58%,49%,55%,55%,61%,59%
Giving renters a better deal,,,,,,,,,,,,,,
Unweighted base,1546,734,812,187,869,328,161,1066,480,364,195,276,466,245
Base,1546,756,790,176,802,334,233,912,634,351,210,294,470,222
Ranked first,8%,7%,10%,11%,10%,6%,3%,9%,7%,12%,6%,8%,8%,6%
Ranked second,6%,5%,7%,4%,8%,6%,3%,6%,7%,10%,5%,5%,4%,7%
Ranked third,6%,6%,7%,7%,7%,8%,3%,6%,7%,7%,6%,5%,7%,6%
Don't know,4%,5%,2%,8%,4%,2%,0%,3%,4%,5%,5%,0%,4%,4%
Not ranked,75%,77%,74%,69%,71%,78%,90%,76%,75%,66%,77%,82%,77%,77%
A real push to tackle homelessness,,,,,,,,,,,,,,
Unweighted base,1546,734,812,187,869,328,161,1066,480,364,195,276,466,245
Base,1546,756,790,176,802,334,233,912,634,351,210,294,470,222
Ranked first,8%,6%,9%,7%,7%,6%,13%,6%,10%,8%,8%,11%,6%,6%
Ranked second,10%,8%,12%,9%,9%,9%,13%,10%,10%,10%,5%,12%,10%,11%
Ranked third,10%,9%,11%,8%,9%,11%,14%,9%,11%,9%,10%,10%,10%,11%
Don't know,4%,5%,2%,8%,4%,2%,0%,3%,4%,5%,5%,0%,4%,4%
Not ranked,69%,72%,66%,68%,71%,72%,59%,72%,65%,68%,72%,66%,71%,68%
Strengthening relationships between Londoners from different backgrounds,,,,,,,,,,,,,,
Unweighted base,1546,734,812,187,869,328,161,1066,480,364,195,276,466,245
Base,1546,756,790,176,802,334,233,912,634,351,210,294,470,222
Ranked first,2%,2%,1%,2%,1%,2%,1%,2%,1%,1%,0%,1%,2%,3%
Ranked second,2%,2%,2%,5%,2%,2%,1%,2%,2%,4%,1%,1%,2%,1%
Ranked third,3%,3%,3%,3%,2%,4%,4%,4%,2%,3%,1%,3%,5%,2%
Don't know,4%,5%,2%,8%,4%,2%,0%,3%,4%,5%,5%,0%,4%,4%
Not ranked,90%,88%,91%,82%,90%,90%,93%,89%,90%,86%,93%,94%,88%,90%
Making London safer for women and girls,,,,,,,,,,,,,,
Unweighted base,1546,734,812,187,869,328,161,1066,480,364,195,276,466,245
Base,1546,756,790,176,802,334,233,912,634,351,210,294,470,222
Ranked first,7%,4%,10%,7%,8%,7%,7%,8%,7%,6%,9%,8%,6%,11%
Ranked second,11%,7%,13%,8%,8%,16%,14%,10%,11%,4%,16%,14%,11%,11%
Ranked third,7%,5%,9%,9%,6%,7%,9%,7%,6%,6%,6%,7%,7%,8%
Don't know,4%,5%,2%,8%,4%,2%,0%,3%,4%,5%,5%,0%,4%,4%
Not ranked,71%,78%,65%,68%,74%,68%,70%,71%,71%,80%,64%,70%,72%,65%
"Protecting jobs, supporting new skills and development opportunities",,,,,,,,,,,,,,
Unweighted base,1546,734,812,187,869,328,161,1066,480,364,195,276,466,245
Base,1546,756,790,176,802,334,233,912,634,351,210,294,470,222
Ranked first,4%,6%,3%,4%,5%,2%,4%,4%,5%,4%,3%,2%,7%,5%
Ranked second,7%,7%,6%,7%,7%,8%,4%,6%,8%,3%,6%,8%,9%,7%
Ranked third,8%,9%,7%,6%,10%,6%,2%,8%,7%,6%,10%,7%,10%,5%
Don't know,4%,5%,2%,8%,4%,2%,0%,3%,4%,5%,5%,0%,4%,4%
Not ranked,78%,72%,83%,76%,74%,81%,89%,79%,76%,82%,76%,82%,72%,79%
Making London's arts and culture the best in the world,,,,,,,,,,,,,,
Unweighted base,1546,734,812,187,869,328,161,1066,480,364,195,276,466,245
Base,1546,756,790,176,802,334,233,912,634,351,210,294,470,222
Ranked first,1%,2%,0%,3%,2%,0%,0%,1%,2%,3%,0%,-,2%,1%
Ranked second,2%,3%,2%,4%,3%,1%,-,2%,3%,3%,2%,0%,5%,1%
Ranked third,3%,3%,2%,5%,2%,2%,4%,3%,3%,3%,3%,3%,1%,4%
Don't know,4%,5%,2%,8%,4%,2%,0%,3%,4%,5%,5%,0%,4%,4%
Not ranked,90%,87%,93%,81%,89%,94%,95%,91%,89%,86%,89%,96%,89%,91%
Making London a truly 24 hour city,,,,,,,,,,,,,,
Unweighted base,1546,734,812,187,869,328,161,1066,480,364,195,276,466,245
Base,1546,756,790,176,802,334,233,912,634,351,210,294,470,222
Ranked first,2%,2%,1%,3%,2%,0%,0%,1%,2%,1%,2%,2%,2%,1%
Ranked second,2%,2%,2%,1%,3%,2%,0%,2%,2%,3%,1%,1%,3%,2%
Ranked third,4%,4%,4%,2%,4%,3%,4%,4%,4%,3%,8%,1%,4%,2%
Don't know,4%,5%,2%,8%,4%,2%,0%,3%,4%,5%,5%,0%,4%,4%
Not ranked,89%,87%,91%,86%,87%,93%,95%,90%,88%,87%,84%,96%,88%,91%
Tackling air pollution in London,,,,,,,,,,,,,,
Unweighted base,1546,734,812,187,869,328,161,1066,480,364,195,276,466,245
Base,1546,756,790,176,802,334,233,912,634,351,210,294,470,222
Ranked first,3%,4%,3%,4%,4%,2%,4%,4%,3%,4%,5%,3%,3%,3%
Ranked second,5%,5%,5%,4%,6%,3%,4%,4%,6%,5%,3%,2%,7%,5%
Ranked third,5%,5%,5%,6%,5%,3%,4%,6%,4%,5%,3%,6%,5%,5%
Don't know,4%,5%,2%,8%,4%,2%,0%,3%,4%,5%,5%,0%,4%,4%
Not ranked,83%,82%,85%,77%,81%,90%,88%,83%,83%,81%,84%,88%,82%,83%
Tackling crime and making London safer,,,,,,,,,,,,,,
Unweighted base,1546,734,812,187,869,328,161,1066,480,364,195,276,466,245
Base,1546,756,790,176,802,334,233,912,634,351,210,294,470,222
Ranked first,26%,25%,26%,10%,19%,40%,41%,25%,27%,20%,33%,27%,27%,24%
Ranked second,15%,14%,15%,17%,14%,14%,19%,16%,13%,14%,17%,19%,11%,17%
Ranked third,11%,10%,11%,8%,10%,11%,15%,9%,14%,10%,9%,12%,10%,14%
Don't know,4%,5%,2%,8%,4%,2%,0%,3%,4%,5%,5%,0%,4%,4%
Not ranked,45%,45%,45%,57%,53%,33%,26%,47%,42%,51%,37%,41%,48%,41%
Supporting businesses and promoting economic growth in London,,,,,,,,,,,,,,
Unweighted base,1546,734,812,187,869,328,161,1066,480,364,195,276,466,245
Base,1546,756,790,176,802,334,233,912,634,351,210,294,470,222
Ranked first,5%,7%,4%,5%,5%,5%,7%,5%,5%,5%,5%,7%,5%,5%
Ranked second,8%,10%,5%,8%,6%,7%,12%,8%,8%,6%,5%,6%,9%,10%
Ranked third,8%,8%,8%,7%,8%,9%,8%,8%,8%,9%,7%,7%,10%,7%
Don't know,4%,5%,2%,8%,4%,2%,0%,3%,4%,5%,5%,0%,4%,4%
Not ranked,76%,70%,81%,72%,77%,76%,73%,76%,75%,75%,79%,80%,73%,74%
Tackling the climate emergency and improving the environment,,,,,,,,,,,,,,
Unweighted base,1546,734,812,187,869,328,161,1066,480,364,195,276,466,245
Base,1546,756,790,176,802,334,233,912,634,351,210,294,470,222
Ranked first,7%,7%,8%,9%,8%,6%,6%,8%,6%,8%,8%,6%,8%,8%
Ranked second,5%,4%,6%,6%,6%,4%,6%,6%,4%,6%,4%,9%,6%,1%
Ranked third,5%,6%,4%,5%,5%,6%,2%,6%,3%,4%,4%,4%,6%,5%
Don't know,4%,5%,2%,8%,4%,2%,0%,3%,4%,5%,5%,0%,4%,4%
Not ranked,79%,78%,80%,72%,77%,83%,86%,77%,82%,77%,79%,81%,77%,83%
"And which of the following policy areas, if any, do you think Sadiq Khan, the Mayor of London, is prioritising at the moment? Please rank your top three",,,,,,,,,,,,,,
Making public transport more affordable,,,,,,,,,,,,,,
Unweighted base,1546,734,812,187,869,328,161,1066,480,364,195,276,466,245
Base,1546,756,790,176,802,334,233,912,634,351,210,294,470,222
Ranked first,7%,7%,7%,8%,7%,7%,9%,9%,5%,7%,5%,7%,8%,8%
Ranked second,6%,6%,7%,9%,6%,5%,7%,7%,6%,7%,7%,8%,6%,7%
Ranked third,5%,6%,5%,7%,6%,5%,4%,6%,5%,7%,4%,4%,6%,5%
Don't know,31%,30%,31%,29%,31%,31%,31%,29%,32%,33%,34%,31%,29%,28%
Not ranked,50%,50%,50%,47%,51%,52%,49%,49%,52%,47%,51%,51%,52%,52%
Making walking and cycling safer and easier,,,,,,,,,,,,,,
Unweighted base,1546,734,812,187,869,328,161,1066,480,364,195,276,466,245
Base,1546,756,790,176,802,334,233,912,634,351,210,294,470,222
Ranked first,7%,6%,8%,4%,6%,11%,7%,6%,8%,8%,3%,8%,8%,7%
Ranked second,8%,8%,8%,7%,7%,10%,8%,9%,6%,8%,8%,8%,6%,12%
Ranked third,8%,7%,9%,7%,7%,7%,13%,10%,5%,6%,10%,8%,8%,8%
Don't know,31%,30%,31%,29%,31%,31%,31%,29%,32%,33%,34%,31%,29%,28%
Not ranked,47%,49%,44%,53%,49%,41%,40%,46%,48%,45%,46%,45%,49%,45%
Building more genuinely affordable homes,,,,,,,,,,,,,,
Unweighted base,1546,734,812,187,869,328,161,1066,480,364,195,276,466,245
Base,1546,756,790,176,802,334,233,912,634,351,210,294,470,222
Ranked first,4%,5%,3%,5%,5%,3%,2%,3%,5%,6%,4%,3%,4%,2%
Ranked second,3%,4%,2%,4%,4%,3%,2%,3%,3%,5%,1%,3%,4%,3%
Ranked third,4%,4%,4%,3%,4%,5%,4%,3%,6%,3%,4%,5%,5%,3%
Don't know,31%,30%,31%,29%,31%,31%,31%,29%,32%,33%,34%,31%,29%,28%
Not ranked,58%,57%,59%,59%,57%,58%,61%,61%,54%,53%,56%,58%,59%,64%
Giving renters a better deal,,,,,,,,,,,,,,
Unweighted base,1546,734,812,187,869,328,161,1066,480,364,195,276,466,245
Base,1546,756,790,176,802,334,233,912,634,351,210,294,470,222
Ranked first,2%,2%,2%,3%,2%,2%,-,1%,3%,2%,1%,4%,2%,2%
Ranked second,2%,2%,3%,3%,3%,2%,1%,2%,3%,3%,2%,1%,4%,0%
Ranked third,2%,3%,2%,5%,2%,2%,2%,2%,3%,2%,1%,3%,3%,1%
Don't know,31%,30%,31%,29%,31%,31%,31%,29%,32%,33%,34%,31%,29%,28%
Not ranked,63%,63%,62%,61%,62%,63%,66%,65%,59%,60%,62%,61%,62%,69%
A real push to tackle homelessness,,,,,,,,,,,,,,
Unweighted base,1546,734,812,187,869,328,161,1066,480,364,195,276,466,245
Base,1546,756,790,176,802,334,233,912,634,351,210,294,470,222
Ranked first,1%,2%,1%,3%,2%,1%,1%,1%,2%,2%,1%,1%,2%,1%
Ranked second,2%,2%,3%,2%,2%,2%,2%,1%,4%,2%,2%,1%,4%,2%
Ranked third,3%,3%,3%,2%,3%,2%,1%,2%,3%,3%,4%,2%,3%,1%
Don't know,31%,30%,31%,29%,31%,31%,31%,29%,32%,33%,34%,31%,29%,28%
Not ranked,63%,64%,62%,64%,62%,64%,65%,66%,59%,61%,59%,65%,62%,68%
Strengthening relationships between Londoners from different backgrounds,,,,,,,,,,,,,,
Unweighted base,1546,734,812,187,869,328,161,1066,480,364,195,276,466,245
Base,1546,756,790,176,802,334,233,912,634,351,210,294,470,222
Ranked first,3%,3%,3%,3%,4%,2%,1%,3%,3%,5%,2%,1%,3%,2%
Ranked second,3%,3%,3%,4%,3%,2%,3%,3%,2%,2%,2%,3%,2%,7%
Ranked third,4%,5%,4%,5%,4%,5%,2%,5%,3%,4%,4%,6%,4%,3%
Don't know,31%,30%,31%,29%,31%,31%,31%,29%,32%,33%,34%,31%,29%,28%
Not ranked,59%,59%,59%,59%,58%,60%,63%,59%,59%,56%,58%,59%,62%,61%
Making London safer for women and girls,,,,,,,,,,,,,,
Unweighted base,1546,734,812,187,869,328,161,1066,480,364,195,276,466,245
Base,1546,756,790,176,802,334,233,912,634,351,210,294,470,222
Ranked first,2%,2%,3%,1%,3%,3%,-,3%,2%,1%,1%,2%,5%,2%
Ranked second,3%,4%,2%,4%,4%,3%,2%,4%,3%,3%,6%,3%,4%,2%
Ranked third,3%,4%,3%,3%,3%,4%,3%,4%,3%,3%,3%,3%,3%,5%
Don't know,31%,30%,31%,29%,31%,31%,31%,29%,32%,33%,34%,31%,29%,28%
Not ranked,60%,60%,60%,62%,59%,60%,65%,61%,59%,60%,56%,62%,60%,63%
"Protecting jobs, supporting new skills and development opportunities",,,,,,,,,,,,,,
Unweighted base,1546,734,812,187,869,328,161,1066,480,364,195,276,466,245
Base,1546,756,790,176,802,334,233,912,634,351,210,294,470,222
Ranked first,2%,2%,1%,2%,2%,0%,1%,1%,2%,1%,2%,1%,2%,2%
Ranked second,3%,3%,3%,5%,4%,3%,0%,4%,3%,4%,2%,2%,5%,2%
Ranked third,3%,3%,3%,6%,3%,2%,4%,4%,3%,3%,3%,2%,5%,4%
Don't know,31%,30%,31%,29%,31%,31%,31%,29%,32%,33%,34%,31%,29%,28%
Not ranked,61%,61%,61%,58%,60%,64%,63%,62%,61%,59%,60%,65%,60%,64%
Making London's arts and culture the best in the world,,,,,,,,,,,,,,
Unweighted base,1546,734,812,187,869,328,161,1066,480,364,195,276,466,245
Base,1546,756,790,176,802,334,233,912,634,351,210,294,470,222
Ranked first,2%,2%,2%,2%,2%,2%,2%,3%,2%,1%,1%,2%,3%,4%
Ranked second,3%,3%,4%,2%,3%,3%,8%,4%,3%,1%,7%,2%,3%,6%
Ranked third,5%,6%,5%,6%,7%,2%,4%,4%,6%,4%,7%,3%,6%,7%
Don't know,31%,30%,31%,29%,31%,31%,31%,29%,32%,33%,34%,31%,29%,28%
Not ranked,59%,60%,58%,61%,58%,62%,55%,60%,57%,61%,51%,62%,60%,55%
Making London a truly 24 hour city,,,,,,,,,,,,,,
Unweighted base,1546,734,812,187,869,328,161,1066,480,364,195,276,466,245
Base,1546,756,790,176,802,334,233,912,634,351,210,294,470,222
Ranked first,3%,3%,3%,6%,2%,2%,5%,3%,2%,2%,7%,2%,3%,2%
Ranked second,6%,7%,5%,9%,5%,4%,8%,5%,6%,6%,6%,5%,5%,7%
Ranked third,5%,3%,6%,3%,7%,2%,5%,5%,5%,4%,2%,8%,5%,5%
Don't know,31%,30%,31%,29%,31%,31%,31%,29%,32%,33%,34%,31%,29%,28%
Not ranked,56%,57%,54%,53%,56%,61%,51%,57%,55%,55%,52%,54%,58%,58%
Tackling air pollution in London,,,,,,,,,,,,,,
Unweighted base,1546,734,812,187,869,328,161,1066,480,364,195,276,466,245
Base,1546,756,790,176,802,334,233,912,634,351,210,294,470,222
Ranked first,20%,20%,21%,14%,19%,24%,23%,22%,18%,19%,22%,25%,14%,29%
Ranked second,10%,9%,10%,6%,9%,13%,11%,9%,11%,11%,9%,11%,11%,6%
Ranked third,7%,7%,8%,6%,5%,12%,9%,6%,9%,6%,7%,8%,6%,11%
Don't know,31%,30%,31%,29%,31%,31%,31%,29%,32%,33%,34%,31%,29%,28%
Not ranked,32%,34%,30%,45%,36%,20%,26%,34%,30%,32%,28%,26%,40%,26%
Tackling crime and making London safer,,,,,,,,,,,,,,
Unweighted base,1546,734,812,187,869,328,161,1066,480,364,195,276,466,245
Base,1546,756,790,176,802,334,233,912,634,351,210,294,470,222
Ranked first,4%,5%,4%,9%,4%,4%,3%,5%,4%,3%,6%,2%,7%,4%
Ranked second,5%,5%,5%,6%,4%,5%,7%,5%,5%,6%,4%,7%,4%,4%
Ranked third,4%,4%,4%,5%,4%,4%,4%,5%,3%,5%,3%,4%,4%,6%
Don't know,31%,30%,31%,29%,31%,31%,31%,29%,32%,33%,34%,31%,29%,28%
Not ranked,55%,56%,55%,51%,56%,56%,54%,55%,56%,55%,53%,55%,56%,58%
Supporting businesses and promoting economic growth in London,,,,,,,,,,,,,,
Unweighted base,1546,734,812,187,869,328,161,1066,480,364,195,276,466,245
Base,1546,756,790,176,802,334,233,912,634,351,210,294,470,222
Ranked first,5%,5%,4%,6%,6%,3%,3%,5%,4%,5%,5%,3%,6%,4%
Ranked second,5%,4%,7%,6%,7%,4%,3%,5%,6%,5%,5%,7%,5%,7%
Ranked third,6%,6%,5%,6%,5%,6%,6%,6%,5%,7%,6%,7%,5%,3%
Don't know,31%,30%,31%,29%,31%,31%,31%,29%,32%,33%,34%,31%,29%,28%
Not ranked,53%,54%,53%,52%,52%,57%,56%,54%,53%,51%,50%,52%,56%,58%
Tackling the climate emergency and improving the environment,,,,,,,,,,,,,,
Unweighted base,1546,734,812,187,869,328,161,1066,480,364,195,276,466,245
Base,1546,756,790,176,802,334,233,912,634,351,210,294,470,222
Ranked first,6%,5%,6%,6%,4%,6%,12%,5%,7%,5%,7%,9%,6%,3%
Ranked second,8%,9%,7%,3%,8%,10%,8%,9%,7%,6%,6%,9%,9%,8%
Ranked third,9%,9%,8%,8%,9%,10%,7%,8%,10%,9%,8%,9%,8%,11%
Don't know,31%,30%,31%,29%,31%,31%,31%,29%,32%,33%,34%,31%,29%,28%
Not ranked,47%,46%,47%,54%,48%,44%,42%,49%,43%,47%,45%,43%,48%,51%
"Thinking about your current financial situation, which of these statements best applies to you?",,,,,,,,,,,,,,
Unweighted base,1546,734,812,187,869,328,161,1066,480,364,195,276,466,245
Base,1546,756,790,176,802,334,233,912,634,351,210,294,470,222
I am having to go without my basic needs and/or rely on debt to pay for my basic needs,4%,5%,3%,3%,3%,6%,4%,3%,5%,3%,2%,3%,5%,4%
I'm struggling to make ends meet,13%,12%,13%,15%,13%,13%,8%,10%,16%,11%,10%,8%,16%,16%
I am just about managing,33%,30%,36%,34%,33%,37%,26%,27%,41%,33%,27%,32%,36%,34%
I am coping okay financially,31%,31%,31%,28%,31%,28%,36%,34%,26%,28%,35%,40%,27%,27%
I am comfortable financially,15%,17%,13%,9%,16%,13%,18%,20%,7%,17%,17%,16%,13%,13%
Don't know,2%,2%,2%,7%,1%,1%,4%,3%,1%,3%,7%,0%,1%,2%
Prefer not to say,3%,4%,2%,5%,3%,2%,3%,3%,3%,5%,2%,1%,3%,4%
"Thinking about the last six months, have you, or have you not, been able to meet payments on the following?",,,,,,,,,,,,,,
Rent or mortgage payments,,,,,,,,,,,,,,
Unweighted base,1118,512,606,126,728,215,48,766,352,284,138,175,347,174
Base,1089,532,558,118,672,226,73,649,440,283,133,191,333,149
I've fallen behind on all payments,2%,3%,1%,3%,2%,1%,-,1%,4%,1%,3%,1%,3%,1%
I fell behind on one or more payments,5%,4%,5%,6%,5%,3%,-,2%,8%,3%,2%,1%,8%,6%
"I kept up with payments, but struggled every time",13%,9%,16%,18%,11%,15%,15%,10%,16%,11%,7%,8%,18%,16%
"I kept up with payments, but it was a struggle to do so at least once",17%,17%,17%,22%,15%,21%,19%,18%,16%,16%,18%,13%,19%,21%
I kept up with payments without any difficulties,48%,49%,48%,29%,53%,44%,52%,56%,38%,49%,56%,66%,39%,40%
Don't know,1%,2%,1%,6%,1%,1%,-,2%,1%,3%,1%,1%,1%,2%
Not applicable,10%,10%,9%,11%,9%,11%,9%,8%,12%,10%,11%,7%,9%,13%
Prefer not to say,4%,5%,3%,5%,4%,4%,4%,3%,5%,8%,3%,3%,3%,2%
Bills,,,,,,,,,,,,,,
Unweighted base,1546,734,812,187,869,328,161,1066,480,364,195,276,466,245
Base,1546,756,790,176,802,334,233,912,634,351,210,294,470,222
I've fallen behind on all payments,1%,1%,1%,1%,2%,1%,-,0%,2%,1%,1%,0%,2%,1%
I fell behind on one or more payments,6%,6%,7%,7%,7%,9%,1%,5%,8%,7%,5%,3%,10%,4%
"I kept up with payments, but struggled every time",12%,13%,12%,18%,11%,11%,14%,9%,17%,8%,8%,7%,17%,20%
"I kept up with payments, but it was a struggle to do so at least once",21%,22%,21%,20%,22%,24%,17%,21%,22%,19%,16%,24%,24%,21%
I kept up with payments without any difficulties,48%,47%,48%,32%,49%,49%,53%,55%,38%,51%,51%,60%,38%,45%
Don't know,1%,1%,1%,4%,1%,1%,-,1%,1%,2%,2%,1%,0%,1%
Not applicable,5%,4%,6%,12%,4%,3%,8%,4%,7%,4%,10%,3%,6%,5%
Prefer not to say,5%,6%,4%,7%,5%,3%,6%,4%,6%,7%,8%,2%,3%,5%
Credit commitments and other debts,,,,,,,,,,,,,,
Unweighted base,1546,734,812,187,869,328,161,1066,480,364,195,276,466,245
Base,1546,756,790,176,802,334,233,912,634,351,210,294,470,222
I've fallen behind on all payments,2%,3%,2%,0%,3%,3%,-,1%,3%,5%,2%,1%,2%,1%
I fell behind on one or more payments,5%,5%,5%,9%,6%,4%,1%,4%,7%,4%,2%,3%,11%,3%
"I kept up with payments, but struggled every time",12%,12%,12%,14%,10%,13%,13%,10%,14%,8%,9%,9%,16%,15%
"I kept up with payments, but it was a struggle to do so at least once",16%,17%,16%,12%,15%,23%,13%,16%,17%,13%,13%,17%,19%,19%
I kept up with payments without any difficulties,38%,40%,36%,22%,41%,38%,39%,45%,28%,38%,43%,47%,31%,35%
Don't know,1%,1%,1%,5%,1%,0%,-,1%,1%,2%,3%,0%,1%,2%
Not applicable,20%,16%,24%,29%,18%,16%,27%,18%,24%,23%,23%,22%,17%,20%
Prefer not to say,5%,6%,4%,8%,5%,3%,6%,4%,6%,8%,7%,2%,4%,5%
"Thinking about the last six months, which of the following statements describes you?",,,,,,,,,,,,,,
Unweighted base,1546,734,812,187,869,328,161,1066,480,364,195,276,466,245
Base,1546,756,790,176,802,334,233,912,634,351,210,294,470,222
"I have had to buy less food or essential items, go without or rely on outside support (food parcels from a food bank for example) regularly",5%,6%,5%,8%,7%,4%,1%,4%,7%,5%,6%,4%,6%,6%
"I have had to buy less food or essential items than I needed, go without or rely on outside support (food parcels from a food bank for example) on some occasions",8%,7%,8%,10%,9%,7%,2%,7%,9%,6%,5%,6%,13%,5%
"I have been able to buy the food and essential items I needed, but struggled every time",17%,14%,19%,18%,15%,15%,22%,15%,19%,12%,18%,11%,21%,21%
"I have been able to buy the food and essential items I needed, but struggled to do so at least once",21%,20%,21%,24%,19%,27%,15%,20%,23%,25%,15%,21%,20%,22%
I have been able to buy the food and essential items I needed without any difficulties,43%,44%,42%,24%,43%,44%,58%,50%,33%,42%,49%,55%,36%,39%
Don't know,2%,3%,2%,8%,2%,1%,-,2%,3%,4%,4%,1%,1%,1%
Prefer not to say,4%,6%,3%,8%,5%,3%,2%,3%,6%,6%,3%,2%,3%,6%
"To what extent have each of the following living costs increased, decreased or stayed the same for your household over the last six months?",,,,,,,,,,,,,,
Regular household shop (for food and essential items),,,,,,,,,,,,,,
Unweighted base,1546,734,812,187,869,328,161,1066,480,364,195,276,466,245
Base,1546,756,790,176,802,334,233,912,634,351,210,294,470,222
Increased a lot,50%,45%,56%,35%,47%,61%,58%,50%,51%,42%,43%,57%,54%,54%
Increased a little,31%,34%,27%,32%,31%,26%,34%,32%,28%,32%,35%,31%,28%,29%
Stayed the same,11%,13%,10%,15%,14%,8%,2%,10%,13%,15%,12%,9%,10%,9%
Decreased a little,3%,2%,4%,6%,3%,1%,5%,4%,2%,3%,7%,1%,3%,4%
Decreased a lot,1%,1%,0%,0%,0%,1%,-,0%,1%,0%,0%,-,1%,0%
Don't know,4%,5%,3%,12%,4%,2%,2%,4%,5%,7%,3%,2%,4%,4%
Net: TOTAL INCREASED,81%,79%,83%,66%,79%,87%,92%,82%,79%,74%,77%,88%,82%,84%
Net: TOTAL DECREASED,4%,3%,4%,6%,3%,2%,5%,4%,3%,3%,7%,1%,4%,4%
"Rent, mortgage or housing payments",,,,,,,,,,,,,,
Unweighted base,1546,734,812,187,869,328,161,1066,480,364,195,276,466,245
Base,1546,756,790,176,802,334,233,912,634,351,210,294,470,222
Increased a lot,20%,19%,22%,17%,23%,17%,18%,20%,20%,21%,19%,15%,23%,21%
Increased a little,25%,26%,24%,33%,26%,23%,16%,26%,23%,24%,25%,21%,28%,23%
Stayed the same,40%,39%,41%,24%,39%,48%,45%,40%,40%,37%,43%,50%,38%,35%
Decreased a little,2%,3%,1%,3%,2%,1%,-,2%,1%,3%,1%,1%,2%,2%
Decreased a lot,1%,1%,1%,1%,1%,1%,1%,1%,2%,1%,1%,-,1%,4%
Don't know,12%,12%,11%,21%,8%,10%,21%,10%,14%,14%,10%,12%,8%,16%
Net: TOTAL INCREASED,45%,45%,46%,50%,50%,40%,33%,46%,44%,46%,44%,37%,51%,44%
Net: TOTAL DECREASED,3%,4%,2%,5%,3%,2%,1%,3%,3%,4%,2%,1%,2%,6%
Energy bills (gas and/or electricity),,,,,,,,,,,,,,
Unweighted base,1546,734,812,187,869,328,161,1066,480,364,195,276,466,245
Base,1546,756,790,176,802,334,233,912,634,351,210,294,470,222
Increased a lot,50%,43%,57%,31%,46%,64%,61%,47%,55%,42%,45%,60%,53%,51%
Increased a little,26%,31%,21%,30%,30%,19%,20%,30%,20%,30%,27%,23%,26%,23%
Stayed the same,13%,14%,11%,19%,14%,9%,10%,13%,13%,16%,14%,10%,12%,12%
Decreased a little,3%,3%,4%,2%,3%,4%,6%,4%,3%,2%,8%,3%,2%,4%
Decreased a lot,0%,0%,0%,2%,0%,0%,0%,0%,0%,0%,1%,0%,0%,1%
Don't know,7%,8%,6%,17%,7%,4%,2%,6%,8%,10%,5%,4%,6%,8%
Net: TOTAL INCREASED,77%,74%,79%,61%,76%,83%,81%,77%,76%,72%,72%,83%,79%,75%
Net: TOTAL DECREASED,4%,3%,4%,3%,3%,4%,7%,4%,3%,2%,9%,3%,3%,5%
"Overall, for your household, has the cost of living increased, decreased or stayed the same over the last six months?",,,,,,,,,,,,,,
Unweighted base,1546,734,812,187,869,328,161,1066,480,364,195,276,466,245
Base,1546,756,790,176,802,334,233,912,634,351,210,294,470,222
Increased a lot,48%,42%,55%,40%,48%,56%,46%,48%,49%,43%,44%,48%,52%,53%
Increased a little,38%,44%,33%,39%,38%,37%,42%,40%,36%,39%,38%,44%,37%,33%
Stayed the same,12%,13%,10%,18%,12%,7%,12%,10%,14%,16%,16%,8%,9%,12%
Decreased a little,1%,1%,1%,3%,1%,0%,1%,1%,1%,1%,-,0%,2%,2%
Decreased a lot,1%,1%,1%,1%,1%,0%,-,0%,1%,0%,2%,-,1%,-
Net: TOTAL INCREASED,87%,86%,87%,79%,86%,93%,88%,88%,84%,83%,83%,92%,88%,86%
Net: TOTAL DECREASED,2%,1%,2%,4%,2%,1%,1%,2%,2%,1%,2%,0%,3%,2%
"Which, if any, of the following are you doing to help manage living costs? Please tick all that apply.  Reducing costs",,,,,,,,,,,,,,
Unweighted base,1546,734,812,187,869,328,161,1066,480,364,195,276,466,245
Base,1546,756,790,176,802,334,233,912,634,351,210,294,470,222
I am buying less food and essentials,30%,28%,32%,30%,34%,29%,21%,27%,35%,28%,23%,27%,36%,33%
"I am using less water, energy or fuel",35%,32%,38%,24%,32%,41%,45%,35%,35%,27%,32%,38%,37%,39%
I am buying cheaper products,49%,41%,56%,46%,53%,50%,33%,49%,48%,45%,43%,57%,50%,46%
I am shopping around more or switching providers,30%,27%,33%,24%,29%,35%,33%,31%,30%,24%,28%,33%,32%,35%
I am spending less on non-essentials Removing costs,52%,47%,57%,41%,55%,53%,52%,55%,49%,49%,53%,54%,54%,53%
I am using free transport (walking or cycling),23%,23%,24%,20%,23%,22%,27%,24%,22%,29%,17%,23%,23%,19%
I am doing free activities,16%,13%,20%,21%,20%,10%,11%,18%,13%,19%,14%,15%,15%,19%
"I am going without essentials (food, electricity or gas for example)",9%,8%,9%,6%,8%,11%,7%,8%,9%,8%,5%,7%,11%,9%
I am stopping or delaying spend on non-essentials Credit or monetary solutions,25%,22%,27%,15%,25%,28%,24%,25%,25%,25%,24%,26%,23%,27%
I am using my savings,25%,21%,28%,20%,26%,25%,24%,24%,27%,21%,14%,30%,27%,30%
I am saving less,33%,30%,37%,30%,35%,34%,28%,36%,29%,35%,25%,40%,30%,36%
I am borrowing money from friends or family,8%,6%,10%,6%,10%,8%,2%,8%,8%,7%,8%,5%,11%,8%
"I am using more credit or going into debt (including overdrafts, loans, credit or store cards or missing payments) Increasing income",10%,8%,13%,6%,13%,12%,2%,11%,9%,11%,8%,9%,13%,9%
I am looking for a better-paying job,13%,14%,12%,13%,17%,11%,0%,16%,9%,13%,13%,10%,13%,15%
I am negotiating a higher wage,5%,5%,5%,3%,8%,2%,-,6%,3%,5%,6%,4%,6%,4%
I am working more paid hours in existing jobs,8%,9%,7%,8%,9%,9%,1%,8%,8%,7%,9%,9%,7%,8%
I am taking on additional paid work elsewhere,8%,7%,9%,12%,10%,6%,1%,10%,5%,11%,8%,7%,6%,9%
I am seeking paid employment,6%,5%,6%,8%,6%,5%,2%,5%,7%,5%,6%,4%,6%,6%
I have reviewed the state benefits I'm entitled to,5%,3%,6%,3%,5%,6%,6%,3%,7%,4%,3%,5%,4%,10%
I am claiming a wider range of state benefits than I was before,2%,2%,1%,0%,2%,1%,2%,1%,2%,1%,2%,1%,1%,3%
"I am now claiming state benefits, when I wasn't before",2%,2%,1%,3%,2%,3%,0%,2%,2%,2%,2%,1%,2%,3%
I have started in paid employment Other,1%,0%,2%,1%,1%,0%,1%,1%,1%,1%,0%,1%,1%,3%
None of these,9%,11%,8%,1%,8%,11%,16%,9%,10%,9%,10%,12%,7%,10%
Other,1%,1%,1%,-,1%,2%,2%,1%,1%,1%,1%,1%,1%,1%
Don't know,2%,3%,1%,6%,2%,1%,-,2%,2%,3%,3%,1%,2%,2%
Prefer not to say,5%,6%,4%,10%,5%,3%,6%,3%,8%,10%,2%,6%,2%,5%
"And do you think you will, or will not struggle to meet the following payments in the next six months?",,,,,,,,,,,,,,
Rent payments,,,,,,,,,,,,,,
Unweighted base,643,299,344,80,417,110,36,406,237,194,75,77,211,86
Base,657,313,344,79,391,128,61,349,309,205,75,97,203,76
Definitely will struggle to meet these payments,11%,10%,12%,13%,11%,14%,3%,10%,12%,7%,8%,11%,17%,10%
Probably will struggle to meet these payments,27%,28%,27%,39%,28%,20%,29%,29%,26%,27%,25%,19%,32%,29%
Probably will not struggle to meet these payments,35%,38%,33%,32%,34%,35%,48%,37%,33%,35%,35%,45%,27%,47%
Definitely will not struggle to meet these payments,18%,19%,17%,12%,20%,16%,18%,18%,18%,21%,27%,17%,16%,11%
Don't know,8%,5%,11%,5%,7%,16%,2%,5%,11%,11%,5%,9%,8%,3%
Net: TOTAL WILL,38%,38%,39%,51%,38%,33%,32%,39%,38%,34%,33%,29%,49%,39%
Net: TOTAL WILL NOT,54%,58%,50%,44%,55%,51%,66%,56%,51%,56%,62%,62%,43%,58%
Mortgage payments,,,,,,,,,,,,,,
Unweighted base,373,160,213,11,256,92,13,313,60,51,51,85,120,66
Base,346,168,178,7,244,79,16,268,78,39,50,82,118,58
Definitely will struggle to meet these payments,10%,9%,11%,38%,9%,9%,7%,8%,17%,7%,5%,10%,10%,15%
Probably will struggle to meet these payments,21%,20%,21%,33%,19%,23%,22%,17%,31%,23%,17%,22%,24%,14%
Probably will not struggle to meet these payments,37%,35%,38%,24%,39%,37%,16%,39%,31%,35%,41%,43%,27%,45%
Definitely will not struggle to meet these payments,28%,32%,25%,-,29%,26%,42%,32%,15%,28%,33%,24%,35%,18%
Don't know,4%,4%,5%,4%,3%,6%,14%,4%,7%,7%,4%,1%,5%,8%
Net: TOTAL WILL,30%,29%,31%,72%,29%,32%,28%,25%,48%,29%,22%,32%,33%,29%
Net: TOTAL WILL NOT,65%,67%,64%,24%,68%,63%,58%,71%,45%,63%,74%,67%,62%,63%
"And do you think you will, or will not struggle to meet the following payments in the next six months?",,,,,,,,,,,,,,
Energy bills (gas and/or electricity),,,,,,,,,,,,,,
Unweighted base,1546,734,812,187,869,328,161,1066,480,364,195,276,466,245
Base,1546,756,790,176,802,334,233,912,634,351,210,294,470,222
Definitely will struggle to meet these payments,12%,9%,14%,11%,10%,16%,14%,8%,17%,11%,6%,9%,15%,14%
Probably will struggle to meet these payments,25%,24%,27%,27%,24%,28%,25%,22%,30%,21%,21%,24%,29%,29%
Probably will not struggle to meet these payments,31%,31%,32%,24%,33%,30%,33%,36%,25%,30%,39%,37%,26%,29%
Definitely will not struggle to meet these payments,19%,23%,16%,14%,20%,18%,23%,23%,15%,20%,21%,22%,17%,18%
Not applicable,5%,5%,4%,15%,5%,2%,3%,4%,6%,6%,5%,3%,5%,5%
Don't know,7%,8%,7%,10%,8%,6%,2%,7%,8%,11%,8%,4%,7%,5%
Net: TOTAL WILL,37%,33%,41%,38%,33%,44%,39%,30%,47%,32%,27%,34%,44%,43%
Net: TOTAL WILL NOT,51%,54%,48%,37%,54%,48%,56%,59%,40%,51%,60%,59%,43%,47%
"Other household bills (e.g. council tax, water, phone / broadband, childcare)",,,,,,,,,,,,,,
Unweighted base,1546,734,812,187,869,328,161,1066,480,364,195,276,466,245
Base,1546,756,790,176,802,334,233,912,634,351,210,294,470,222
Definitely will struggle to meet these payments,9%,8%,11%,8%,9%,12%,8%,7%,13%,10%,5%,8%,12%,10%
Probably will struggle to meet these payments,24%,21%,27%,20%,24%,27%,23%,20%,30%,19%,17%,24%,29%,28%
Probably will not struggle to meet these payments,33%,34%,32%,33%,34%,32%,35%,36%,29%,32%,38%,39%,28%,33%
Definitely will not struggle to meet these payments,21%,24%,19%,14%,22%,23%,23%,26%,15%,24%,20%,24%,19%,20%
Not applicable,5%,5%,5%,14%,4%,1%,8%,5%,5%,5%,10%,2%,5%,5%
Don't know,7%,8%,6%,12%,8%,6%,4%,6%,8%,10%,8%,4%,8%,4%
Net: TOTAL WILL,33%,29%,37%,28%,33%,39%,31%,26%,44%,29%,23%,32%,40%,38%
Net: TOTAL WILL NOT,54%,58%,51%,47%,55%,54%,57%,62%,43%,56%,59%,63%,47%,53%
"Day to day transport costs (e.g. fuel costs, bus, train or tram fares)",,,,,,,,,,,,,,
Unweighted base,1546,734,812,187,869,328,161,1066,480,364,195,276,466,245
Base,1546,756,790,176,802,334,233,912,634,351,210,294,470,222
Definitely will struggle to meet these payments,7%,7%,7%,11%,7%,5%,5%,5%,10%,4%,4%,4%,11%,8%
Probably will struggle to meet these payments,19%,17%,21%,23%,20%,20%,13%,17%,22%,16%,17%,17%,23%,21%
Probably will not struggle to meet these payments,33%,34%,32%,33%,35%,32%,28%,35%,31%,30%,36%,39%,30%,35%
Definitely will not struggle to meet these payments,24%,28%,21%,19%,25%,23%,27%,30%,16%,28%,22%,27%,23%,22%
Not applicable,10%,7%,12%,5%,5%,14%,24%,8%,13%,11%,14%,9%,7%,9%
Don't know,7%,6%,7%,8%,8%,6%,3%,6%,9%,11%,6%,5%,6%,4%
Net: TOTAL WILL,26%,24%,28%,34%,27%,25%,18%,22%,32%,21%,21%,20%,34%,29%
Net: TOTAL WILL NOT,58%,62%,53%,53%,60%,55%,56%,65%,47%,57%,58%,66%,53%,58%
Regular household shop (for food and essential items),,,,,,,,,,,,,,
Unweighted base,1546,734,812,187,869,328,161,1066,480,364,195,276,466,245
Base,1546,756,790,176,802,334,233,912,634,351,210,294,470,222
Definitely will struggle to meet these payments,9%,8%,9%,12%,8%,11%,7%,6%,13%,6%,6%,6%,13%,10%
Probably will struggle to meet these payments,24%,21%,27%,28%,24%,26%,19%,21%,29%,23%,19%,21%,27%,29%
Probably will not struggle to meet these payments,35%,35%,35%,27%,35%,34%,43%,39%,30%,32%,41%,44%,29%,33%
Definitely will not struggle to meet these payments,23%,25%,22%,17%,25%,23%,24%,28%,17%,26%,24%,25%,21%,21%
Not applicable,2%,3%,2%,7%,2%,1%,3%,2%,3%,5%,3%,0%,2%,3%
Don't know,6%,7%,6%,9%,7%,4%,3%,5%,8%,8%,7%,3%,7%,4%
Net: TOTAL WILL,33%,29%,37%,39%,32%,37%,26%,27%,42%,29%,25%,28%,40%,38%
Net: TOTAL WILL NOT,58%,61%,56%,44%,59%,58%,68%,66%,47%,58%,65%,69%,51%,55%
"From May 2024, a requirement to show photo ID in order to vote in elections will be in place across Great Britain.  This includes UK Parliamentary elections, London Mayor and London Assembly elections. Before taking this survey, were you aware of this?",,,,,,,,,,,,,,
Unweighted base,1546,734,812,187,869,328,161,1066,480,364,195,276,466,245
Base,1546,756,790,176,802,334,233,912,634,351,210,294,470,222
"Yes – I was aware of this, and know which forms of photo ID will be accepted",49%,50%,47%,31%,44%,61%,61%,50%,46%,45%,56%,56%,42%,50%
"Yes – I was aware this, but do not know which forms of photo ID will be accepted",24%,22%,26%,28%,23%,24%,25%,22%,27%,24%,21%,21%,27%,25%
No – I was not aware of this,24%,24%,25%,32%,30%,14%,13%,24%,24%,25%,20%,22%,28%,21%
Don't know,3%,5%,2%,9%,4%,2%,1%,3%,4%,5%,3%,2%,3%,4%
"Which, if any, of the following forms of ID do you currently hold? Please select all that apply.",,,,,,,,,,,,,,
Unweighted base,1546,734,812,187,869,328,161,1066,480,364,195,276,466,245
Base,1546,756,790,176,802,334,233,912,634,351,210,294,470,222
UK / EU / EAA / Commonwealth passport,71%,66%,75%,52%,69%,80%,79%,76%,64%,70%,76%,75%,64%,74%
UK / EU / EAA driving license,58%,59%,56%,44%,58%,60%,64%,62%,52%,52%,66%,61%,55%,61%
NI electoral identity card,5%,6%,3%,12%,6%,2%,0%,5%,5%,4%,3%,2%,9%,3%
EU / EEA national identity card,8%,10%,6%,17%,10%,2%,0%,9%,6%,12%,8%,4%,8%,5%
Biometric immigration document / pass,4%,4%,4%,4%,6%,2%,1%,5%,3%,5%,3%,4%,4%,4%
Proof of Age Standards Scheme (PASS) identity card,2%,4%,1%,8%,3%,0%,1%,3%,2%,2%,1%,1%,3%,4%
Defence Identity Card,1%,1%,0%,2%,1%,-,0%,1%,0%,0%,-,0%,1%,-
Concessionary travel pass e.g. Oyster 60+ card or Freedom Pass,17%,15%,19%,2%,2%,23%,72%,15%,20%,12%,21%,25%,12%,22%
Blue Badge photocard parking permit,4%,4%,3%,1%,1%,4%,12%,3%,5%,2%,3%,3%,5%,4%
Voter Authority Certificate,2%,3%,2%,6%,2%,2%,0%,3%,2%,2%,1%,1%,5%,1%
None of the above,5%,5%,5%,5%,6%,3%,2%,4%,7%,7%,1%,7%,4%,3%
Don't know,4%,4%,3%,11%,4%,1%,0%,3%,5%,4%,4%,2%,3%,4%
"A 'Voter Authority Certificate' can now be used to vote in person in elections and referendums in Great Britain as a form of accepted Voter ID. Before taking this survey, had you heard of a 'Voter Authority Certificate'?",,,,,,,,,,,,,,
Unweighted base,1546,734,812,187,869,328,161,1066,480,364,195,276,466,245
Base,1546,756,790,176,802,334,233,912,634,351,210,294,470,222
"Yes, I had heard of this",21%,23%,20%,31%,17%,22%,27%,23%,19%,24%,18%,20%,22%,22%
"No, I had not heard of this",74%,71%,76%,59%,77%,75%,70%,73%,74%,70%,75%,78%,73%,73%
Don't know,5%,6%,4%,10%,5%,3%,3%,4%,7%,6%,7%,3%,4%,5%
"Before taking this survey, were you, or were you not aware of the following changes to voting in Great Britain that will be coming into force in October 2023?",,,,,,,,,,,,,,
Eligible voters will be able to apply online for postal voting and will need to renew their postal voting applications every three years,,,,,,,,,,,,,,
Unweighted base,1546,734,812,187,869,328,161,1066,480,364,195,276,466,245
Base,1546,756,790,176,802,334,233,912,634,351,210,294,470,222
"Yes, I was aware of this",31%,31%,32%,45%,30%,26%,35%,32%,31%,31%,27%,37%,32%,29%
"No, I was not aware of this",60%,60%,59%,46%,60%,64%,60%,60%,59%,57%,69%,53%,60%,62%
Don't know,9%,9%,9%,10%,10%,9%,5%,8%,10%,12%,4%,10%,8%,9%
Eligible voters will be able to apply online for proxy voting and will only be able to act as a proxy for up to four people (of whom only two can be domestic electors),,,,,,,,,,,,,,
Unweighted base,1546,734,812,187,869,328,161,1066,480,364,195,276,466,245
Base,1546,756,790,176,802,334,233,912,634,351,210,294,470,222
"Yes, I was aware of this",18%,20%,16%,31%,20%,12%,10%,18%,18%,17%,16%,15%,23%,15%
"No, I was not aware of this",73%,71%,75%,58%,70%,80%,86%,74%,71%,70%,80%,75%,70%,75%
Don't know,9%,9%,9%,11%,10%,8%,4%,7%,11%,13%,4%,10%,7%,10%
"By 'electoral register' we mean the official list of people entitled to vote.As far as you are aware, is your name on the electoral register for where you are living now or another address?",,,,,,,,,,,,,,
Unweighted base,1546,734,812,187,869,328,161,1066,480,364,195,276,466,245
Base,1546,756,790,176,802,334,233,912,634,351,210,294,470,222
"Yes,  my name IS on the electoral register for where I'm living now",78%,75%,80%,47%,73%,92%,99%,79%,76%,67%,87%,86%,77%,79%
"Yes, my name IS on the electoral register for another address",6%,7%,5%,13%,7%,3%,-,7%,4%,9%,2%,3%,6%,7%
"No, my name IS NOT on the electoral register",6%,5%,7%,11%,8%,2%,0%,4%,8%,7%,4%,6%,7%,3%
Don't know,7%,8%,6%,17%,8%,2%,1%,6%,7%,12%,4%,3%,6%,5%
Prefer not to say,4%,6%,2%,12%,4%,2%,0%,3%,5%,4%,2%,2%,5%,6%
"Above are some images from the Greater London Authority and Shout Out UK's $HashNoVoice campaign to increase awareness of voter ID requirements. Before taking this survey, had you seen or heard anything about this campaign?",,,,,,,,,,,,,,
Unweighted base,1546,734,812,187,869,328,161,1066,480,364,195,276,466,245
Base,1546,756,790,176,802,334,233,912,634,351,210,294,470,222
"Yes, I have seen or heard something about this campaign",15%,16%,14%,28%,15%,10%,13%,17%,13%,15%,12%,13%,18%,14%
"No, I have not seen or heard anything about this campaign",80%,78%,82%,63%,78%,88%,86%,80%,80%,78%,83%,84%,77%,81%
Don't know,5%,6%,4%,9%,7%,2%,0%,4%,7%,7%,5%,2%,5%,5%
"And through which, if any of the follow channels did you see or hear something about the Greater London Authority and Shout Out UK's $HashNoVoice campaign? Please select all that apply.",,,,,,,,,,,,,,
Unweighted base,273,141,132,60,138,44,31,205,68,69,26,50,101,27
Base,235,122,113,50,120,34,31,151,84,53,25,39,86,32
Television,43%,45%,40%,59%,36%,31%,54%,38%,51%,36%,52%,41%,45%,42%
Radio,20%,22%,18%,21%,19%,21%,17%,16%,27%,25%,25%,8%,19%,25%
London regional newspapers (e.g. Evening Standard),20%,22%,18%,19%,21%,16%,22%,21%,18%,17%,10%,29%,25%,9%
"Print newspapers and magazines, including in community languages",11%,11%,11%,13%,11%,5%,17%,12%,10%,5%,6%,12%,14%,16%
Facebook,20%,23%,18%,23%,24%,11%,11%,19%,22%,20%,4%,13%,34%,5%
X (formally known as Twitter),19%,24%,14%,26%,25%,4%,1%,23%,11%,25%,12%,8%,25%,7%
Instagram,14%,16%,11%,21%,17%,3%,2%,15%,11%,16%,-,7%,21%,7%
Whatsapp,11%,16%,6%,16%,14%,3%,2%,9%,15%,16%,-,11%,12%,11%
Billboards or posters,21%,20%,23%,22%,23%,15%,20%,21%,21%,36%,14%,22%,16%,17%
"https://registertovote.london/ , the Greater London Authority Democracy Hub website",5%,7%,4%,7%,5%,4%,3%,5%,6%,8%,-,7%,5%,4%
In community venues and spaces,6%,4%,8%,3%,6%,10%,5%,6%,6%,4%,4%,5%,6%,11%
In convenience shops,4%,5%,3%,3%,7%,-,-,4%,4%,6%,-,2%,5%,4%
From friends and family,12%,12%,13%,15%,14%,9%,6%,14%,10%,12%,19%,11%,16%,1%
Somewhere else,7%,8%,6%,5%,6%,5%,14%,9%,3%,10%,5%,6%,9%,-
Don't know,10%,10%,10%,5%,9%,24%,5%,10%,10%,4%,20%,17%,6%,15%
,,,,,,,,,,,,,,
,Cell Contents (Column Percentages),,,,,,,,,,,,,
,"All figures, unless otherwise stated, are from YouGov Plc.  Total sample size was 1546 adults. Fieldwork was undertaken between 10th - 16th November 2023.",,,,,,,,,,,,,
,The survey was carried out online. The figures have been weighted and are representative of all London adults (aged 18+).,,,,,,,,,,,,,
,,,,,,,,,,,,,,